,Weight,MRR
0,0.01,0.8534709021786812
1,0.02,0.8544142256015337
2,0.03,0.855007229776933
3,0.04,0.8556154652239606
4,0.05,0.8556629867914413
5,0.060000000000000005,0.8563353966629299
6,0.07,0.8567257233838604
7,0.08,0.8565173595879839
8,0.09,0.8570108527887442
9,0.09999999999999999,0.8573491901025165
10,0.10999999999999999,0.8577512956735065
11,0.11999999999999998,0.857862382414583
12,0.12999999999999998,0.8583140403892706
13,0.13999999999999999,0.8580325664895777
14,0.15,0.8583430813471755
15,0.16,0.8580019008626992
16,0.17,0.8581554320807137
17,0.18000000000000002,0.8583607496222645
18,0.19000000000000003,0.8581048642589072
19,0.20000000000000004,0.8582328069405858
20,0.21000000000000005,0.8580792757225715
21,0.22000000000000006,0.8580622166983477
22,0.23000000000000007,0.8585386508748843
23,0.24000000000000007,0.8586026222157236
24,0.25000000000000006,0.8581883316274309
25,0.26000000000000006,0.858186910042079
26,0.2700000000000001,0.8579907312635051
27,0.2800000000000001,0.8580589673604002
28,0.2900000000000001,0.8581436532306542
29,0.3000000000000001,0.857887767867297
30,0.3100000000000001,0.8575313561111924
31,0.3200000000000001,0.857652190866111
32,0.3300000000000001,0.8582683465743854
33,0.34000000000000014,0.858216560250849
34,0.35000000000000014,0.8580764325518676
35,0.36000000000000015,0.8575425257103864
36,0.37000000000000016,0.8577557635131843
37,0.38000000000000017,0.8578751766827508
38,0.3900000000000002,0.8581359360530293
39,0.4000000000000002,0.858057139607805
40,0.4100000000000002,0.8580388620818509
41,0.4200000000000002,0.8579109194001721
42,0.4300000000000002,0.857489317801498
43,0.4400000000000002,0.8575390732888174
44,0.45000000000000023,0.8575902503614888
45,0.46000000000000024,0.8573087764617959
46,0.47000000000000025,0.8573349742489967
47,0.48000000000000026,0.857407475101948
48,0.49000000000000027,0.8573414729248916
49,0.5000000000000002,0.8571148316030608
50,0.5100000000000002,0.8568845347760393
51,0.5200000000000002,0.8570673100355803
52,0.5300000000000002,0.8571099575961398
53,0.5400000000000003,0.8572805478383779
54,0.5500000000000003,0.8569564263781254
55,0.5600000000000003,0.8565981868694252
56,0.5700000000000003,0.8561461227274942
57,0.5800000000000003,0.8556627837078195
58,0.5900000000000003,0.8548758346736852
59,0.6000000000000003,0.8548758346736852
60,0.6100000000000003,0.8542958278500754
61,0.6200000000000003,0.853784057123361
62,0.6300000000000003,0.8533746405419896
63,0.6400000000000003,0.8523937466491203
64,0.6500000000000004,0.8522962665106983
65,0.6600000000000004,0.8521683238290197
66,0.6700000000000004,0.8521683238290197
67,0.6800000000000004,0.8521427352926841
68,0.6900000000000004,0.8516502575100323
69,0.7000000000000004,0.8514540787314584
70,0.7100000000000004,0.8511128982469821
71,0.7200000000000004,0.8513261360497799
72,0.7300000000000004,0.8509849555653036
73,0.7400000000000004,0.8506011275202676
74,0.7500000000000004,0.8503452421569104
75,0.7600000000000005,0.8500893567935534
76,0.7700000000000005,0.8499614141118748
77,0.7800000000000005,0.8496202336273984
78,0.7900000000000005,0.8489683352017027
79,0.8000000000000005,0.8477821237672823
80,0.8100000000000005,0.8477516612240256
81,0.8200000000000005,0.847256949521535
82,0.8300000000000005,0.8471460658640801
83,0.8400000000000005,0.8470010641581777
84,0.8500000000000005,0.8467927003623011
85,0.8600000000000005,0.8467585823138535
86,0.8700000000000006,0.8466775519487905
87,0.8800000000000006,0.8463241864470115
88,0.8900000000000006,0.846264479862228
89,0.9000000000000006,0.8462858036425078
90,0.9100000000000006,0.8463469318126432
91,0.9200000000000006,0.8457376809475069
92,0.9300000000000006,0.8453908141216226
93,0.9400000000000006,0.8450496336371464
94,0.9500000000000006,0.8444696268135368
95,0.9600000000000006,0.8439578560868223
96,0.9700000000000006,0.8429940212181769
97,0.9800000000000006,0.8423969553703432
98,0.9900000000000007,0.8414587090380334
99,1.0000000000000007,0.8411601761141168
100,1.0100000000000007,0.8409895858718786
101,1.0200000000000007,0.8406057578268427
102,1.0300000000000007,0.8403242839271499
103,1.0400000000000007,0.8391216227193709
104,1.0500000000000007,0.838933973452909
105,1.0600000000000007,0.8389254439407969
106,1.0700000000000007,0.8382430829718445
107,1.0800000000000007,0.8380554337053825
108,1.0900000000000007,0.8375351334665561
109,1.1000000000000008,0.8375180744423323
110,1.1100000000000008,0.8374242498091012
111,1.1200000000000008,0.8370586992900196
112,1.1300000000000008,0.8364786924664099
113,1.1400000000000008,0.8364786924664099
114,1.1500000000000008,0.8363812123279881
115,1.1600000000000008,0.8360400318435119
116,1.1700000000000008,0.8360735406410944
117,1.1800000000000008,0.8356379262725219
118,1.1900000000000008,0.8351090965215837
119,1.2000000000000008,0.8344693831131907
120,1.2100000000000009,0.8341026140923787
121,1.2200000000000009,0.8331814267842926
122,1.2300000000000009,0.8328536498188495
123,1.2400000000000009,0.8328110022582899
124,1.2500000000000009,0.8328110022582899
125,1.260000000000001,0.8321286412893372
126,1.270000000000001,0.831979984078244
127,1.280000000000001,0.831886159445013
128,1.290000000000001,0.8313786534743546
129,1.300000000000001,0.8307389400659615
130,1.310000000000001,0.8297495166609803
131,1.320000000000001,0.8291183327646992
132,1.330000000000001,0.8281800864323893
133,1.340000000000001,0.8278815535084725
134,1.350000000000001,0.8269603662003866
135,1.360000000000001,0.8265338905947912
136,1.370000000000001,0.8262524166950984
137,1.380000000000001,0.826098885477084
138,1.390000000000001,0.8259551022729118
139,1.400000000000001,0.8247069503338694
140,1.410000000000001,0.8244254764341765
141,1.420000000000001,0.8240587074133646
142,1.430000000000001,0.8233507579080762
143,1.440000000000001,0.8227195740117951
144,1.450000000000001,0.8227195740117951
145,1.460000000000001,0.8219519179217234
146,1.470000000000001,0.8215510308524638
147,1.480000000000001,0.821185480333382
148,1.490000000000001,0.8202472340010722
149,1.500000000000001,0.8200339961982746
150,1.5100000000000011,0.8194673928936979
151,1.5200000000000011,0.8179491397377784
152,1.5300000000000011,0.8171686893795389
153,1.5400000000000011,0.8161414924209192
154,1.5500000000000012,0.8155237120436711
155,1.5600000000000012,0.8152982892235707
156,1.5700000000000012,0.8150253448359897
157,1.5800000000000012,0.8146597943169079
158,1.5900000000000012,0.8142333187113124
159,1.6000000000000012,0.8138494906662767
160,1.6100000000000012,0.8134821123945996
161,1.6200000000000012,0.8133285811765854
162,1.6300000000000012,0.812791221913535
163,1.6400000000000012,0.8127394355899985
164,1.6500000000000012,0.8119717794999269
165,1.6600000000000013,0.8118438368182483
166,1.6700000000000013,0.8114855973095483
167,1.6800000000000013,0.810939099283521
168,1.6900000000000013,0.810469976117366
169,1.7000000000000013,0.8100776185602183
170,1.7100000000000013,0.8098217331968611
171,1.7200000000000013,0.8092459911293074
172,1.7300000000000013,0.8084186284544524
173,1.7400000000000013,0.8080092118730808
174,1.7500000000000013,0.8070709655407711
175,1.7600000000000013,0.8067041965199591
176,1.7700000000000014,0.8059706584783349
177,1.7800000000000014,0.8057659501876493
178,1.7900000000000014,0.8052541794609348
179,1.8000000000000014,0.8046668616269435
180,1.8100000000000014,0.8044635749216096
181,1.8200000000000014,0.8030306168868093
182,1.8300000000000014,0.8021094295787232
183,1.8400000000000014,0.8017560640769443
184,1.8500000000000014,0.8012016457896703
185,1.8600000000000014,0.8003109210248412
186,1.8700000000000014,0.7999867995645887
187,1.8800000000000014,0.7998332683465744
188,1.8900000000000015,0.7991082598170622
189,1.9000000000000015,0.798400310311774
190,1.9100000000000015,0.797859295543533
191,1.9200000000000015,0.7973901723773781
192,1.9300000000000015,0.7967419294568732
193,1.9400000000000015,0.7966992818963137
194,1.9500000000000015,0.7963032688339751
195,1.9600000000000015,0.7957317915224773
196,1.9700000000000015,0.7949470764081819
197,1.9800000000000015,0.7945510633458434
198,1.9900000000000015,0.7941672353008076
199,2.0000000000000013,0.7935104628681906
200,2.010000000000001,0.7933739906744001
201,2.020000000000001,0.7930754577504833
202,2.0300000000000007,0.7929048675082453
203,2.0400000000000005,0.7923333901967474
204,2.0500000000000003,0.7920177982486067
205,2.06,0.7900133629023086
206,2.07,0.7897318890026156
207,2.0799999999999996,0.7893224724212442
208,2.0899999999999994,0.7889008708225698
209,2.099999999999999,0.7881332147324982
210,2.109999999999999,0.7873442348621468
211,2.1199999999999988,0.7866667479001154
212,2.1299999999999986,0.7863682149761986
213,2.1399999999999983,0.7857967376647007
214,2.149999999999998,0.7851143766957482
215,2.159999999999998,0.7841761303634385
216,2.1699999999999977,0.7838605384152978
217,2.1799999999999975,0.7829819986677714
218,2.1899999999999973,0.7826237591590713
219,2.199999999999997,0.7820437523354618
220,2.209999999999997,0.7820437523354618
221,2.2199999999999966,0.7818987506295592
222,2.2299999999999964,0.7816741401439457
223,2.239999999999996,0.7805988123669801
224,2.249999999999996,0.7799846874949229
225,2.259999999999996,0.7791061477473965
226,2.2699999999999956,0.7780570177576318
227,2.2799999999999954,0.7777328962973794
228,2.289999999999995,0.7771102419132101
229,2.299999999999995,0.776581412162272
230,2.3099999999999947,0.775548731945866
231,2.3199999999999945,0.774926077561697
232,2.3299999999999943,0.7744825429318777
233,2.339999999999994,0.7741413624474014
234,2.349999999999994,0.7736722392812464
235,2.3599999999999937,0.772802229045832
236,2.3699999999999934,0.7726842374616171
237,2.3799999999999932,0.7718909928352099
238,2.389999999999993,0.771592459911293
239,2.399999999999993,0.7712512794268168
240,2.4099999999999926,0.7711111517278354
241,2.4199999999999924,0.7710002680703807
242,2.429999999999992,0.7706164400253448
243,2.439999999999992,0.7697208412535945
244,2.4499999999999917,0.7693370132085587
245,2.4599999999999915,0.7693370132085587
246,2.4699999999999913,0.7689105376029632
247,2.479999999999991,0.7674605205439392
248,2.489999999999991,0.7674605205439392
249,2.4999999999999907,0.76737522542282
250,2.5099999999999905,0.7669913973777843
251,2.5199999999999902,0.7668634546961056
252,2.52999999999999,0.7663516839693911
253,2.53999999999999,0.7654304966613052
254,2.5499999999999896,0.764807842277136
255,2.5599999999999894,0.7642704830140858
256,2.569999999999989,0.7636642784032753
257,2.579999999999989,0.7624872057318322
258,2.5899999999999888,0.762316615489594
259,2.5999999999999885,0.7614636642784033
260,2.6099999999999883,0.7603889457523031
261,2.619999999999988,0.7596212896622313
262,2.629999999999988,0.7592545206414193
263,2.6399999999999877,0.7587427499147048
264,2.6499999999999875,0.7584015694302285
265,2.6599999999999873,0.7580177413851928
266,2.669999999999987,0.7579495052882975
267,2.679999999999987,0.7573694984646877
268,2.6899999999999866,0.7572671443193448
269,2.6999999999999864,0.7571136131013306
270,2.709999999999986,0.7563203684749232
271,2.719999999999986,0.7557367061461228
272,2.7299999999999858,0.7556684700492274
273,2.7399999999999856,0.7554125846858702
274,2.7499999999999853,0.7552298094263293
275,2.759999999999985,0.7552298094263293
276,2.769999999999985,0.7552298094263293
277,2.7799999999999847,0.754718038699615
278,2.7899999999999845,0.7541039138275576
279,2.7999999999999843,0.7537627333430813
280,2.809999999999984,0.7536518496856265
281,2.819999999999984,0.7535921431008432
282,2.8299999999999836,0.7535494955402837
283,2.8399999999999834,0.7530974313983526
284,2.849999999999983,0.753054783837793
285,2.859999999999983,0.7527014183360139
286,2.869999999999983,0.7526246527270068
287,2.8799999999999826,0.7525820051664472
288,2.8899999999999824,0.7515036311351562
289,2.899999999999982,0.7507359750450846
290,2.909999999999982,0.7503094994394891
291,2.9199999999999817,0.7497124335916557
292,2.9299999999999815,0.7490044840863674
293,2.9399999999999813,0.7489874250621436
294,2.949999999999981,0.7482075839547693
295,2.959999999999981,0.7475130379685139
296,2.9699999999999807,0.7471456596968367
297,2.9799999999999804,0.7470603645757177
298,2.9899999999999802,0.7463780036067651
299,2.99999999999998,0.745840644343715
300,3.00999999999998,0.7456956426378126
301,3.0199999999999796,0.745643856314276
302,3.0299999999999794,0.7452856168055758
303,3.039999999999979,0.7446203148608471
304,3.049999999999979,0.7444070770580494
305,3.0599999999999787,0.7441511916946922
306,3.0699999999999785,0.7440721921658461
307,3.0799999999999783,0.7440295446052867
308,3.089999999999978,0.7436457165602509
309,3.099999999999978,0.7435177738785722
310,3.1099999999999777,0.7430912982729769
311,3.1199999999999775,0.7426818816916053
312,3.1299999999999772,0.7424004077919124
313,3.139999999999977,0.7413433575409011
314,3.149999999999977,0.7405495036636285
315,3.1599999999999766,0.7402083231791523
316,3.1699999999999764,0.7394165001380969
317,3.179999999999976,0.7391051729460123
318,3.189999999999976,0.7383375168559406
319,3.1999999999999758,0.7375698607658691
320,3.2099999999999755,0.7371860327208332
321,3.2199999999999753,0.7368874997969164
322,3.229999999999975,0.7367169095546783
323,3.239999999999975,0.7361198437068447
324,3.2499999999999747,0.7351815973745349
325,3.2599999999999745,0.7341154083605466
326,3.2699999999999743,0.7339618771425321
327,3.279999999999974,0.7338765820214131
328,3.289999999999974,0.7334117236113142
329,3.2999999999999736,0.7329852480057188
330,3.3099999999999734,0.7329852480057188
331,3.319999999999973,0.732968188981495
332,3.329999999999973,0.7329560039641922
333,3.3399999999999728,0.7327427661613947
334,3.3499999999999726,0.7322736429952397
335,3.3599999999999723,0.7322054068983443
336,3.369999999999972,0.7319495215349872
337,3.379999999999972,0.7315401049536158
338,3.3899999999999717,0.7313439261750418
339,3.3999999999999715,0.7310880408116847
340,3.4099999999999713,0.731045393251125
341,3.419999999999971,0.730960098130006
342,3.429999999999971,0.7304483274032915
343,3.4399999999999706,0.7303203847216129
344,3.4499999999999704,0.7300644993582558
345,3.45999999999997,0.7298086139948985
346,3.46999999999997,0.7292846582508814
347,3.47999999999997,0.7288063963217494
348,3.4899999999999696,0.7286784536400708
349,3.4999999999999694,0.7284225682767136
350,3.509999999999969,0.7279668486295916
351,3.519999999999969,0.7276185602183554
352,3.5299999999999687,0.7275076765609005
353,3.5399999999999685,0.7271494370522006
354,3.5499999999999683,0.7270946044743384
355,3.559999999999968,0.7266985914119998
356,3.569999999999968,0.7263943721466751
357,3.5799999999999677,0.7260867004597814
358,3.5899999999999674,0.726018464362886
359,3.5999999999999672,0.7260014053386622
360,3.609999999999967,0.7259410895030137
361,3.619999999999967,0.7259240304787898
362,3.6299999999999666,0.7259118454614872
363,3.6399999999999664,0.72565596009813
364,3.649999999999966,0.7256047830254586
365,3.659999999999966,0.7252636025409823
366,3.6699999999999657,0.7249821286412894
367,3.6799999999999655,0.724922422056506
368,3.6899999999999653,0.7248846485028675
369,3.699999999999965,0.7245008204578317
370,3.709999999999965,0.7242278760702506
371,3.7199999999999647,0.7242278760702506
372,3.7299999999999645,0.7239719907068934
373,3.7399999999999642,0.7239719907068934
374,3.749999999999964,0.7236905168072005
375,3.759999999999964,0.7234346314438433
376,3.7699999999999636,0.7233493363227244
377,3.7799999999999634,0.7228375655960099
378,3.789999999999963,0.7227522704748908
379,3.799999999999963,0.7222404997481764
380,3.8099999999999627,0.7222404997481764
381,3.8199999999999625,0.7219846143848192
382,3.8299999999999623,0.7219419668242595
383,3.839999999999962,0.7210768305957661
384,3.849999999999962,0.7206412162271937
385,3.8599999999999617,0.7206412162271937
386,3.8699999999999615,0.7203853308638364
387,3.8799999999999613,0.720334153791165
388,3.889999999999961,0.720334153791165
389,3.899999999999961,0.720334153791165
390,3.9099999999999606,0.7201209159883675
391,3.9199999999999604,0.7193532598982958
392,3.92999999999996,0.7188159006352456
393,3.93999999999996,0.7184747201507692
394,3.9499999999999598,0.7179203018634953
395,3.9599999999999596,0.717664416500138
396,3.9699999999999593,0.7174511786973404
397,3.979999999999959,0.7173232360156617
398,3.989999999999959,0.7173232360156617
399,3.9999999999999587,0.7166408750467093
400,4.009999999999959,0.7166408750467093
401,4.019999999999959,0.7162143994411139
402,4.0299999999999585,0.7161717518805544
403,4.039999999999958,0.7159158665171972
404,4.049999999999958,0.7158305713960781
405,4.059999999999958,0.715745276274959
406,4.069999999999958,0.7155746860327207
407,4.079999999999957,0.7152164465240207
408,4.089999999999957,0.7149605611606635
409,4.099999999999957,0.7144061428733894
410,4.109999999999957,0.7144061428733894
411,4.119999999999957,0.7139796672677943
412,4.129999999999956,0.7136128982469823
413,4.139999999999956,0.713357012883625
414,4.149999999999956,0.713357012883625
415,4.159999999999956,0.7132717177625059
416,4.1699999999999555,0.7128878897174701
417,4.179999999999955,0.7126320043541129
418,4.189999999999955,0.7125467092329938
419,4.199999999999955,0.7122055287485175
420,4.209999999999955,0.7119496433851603
421,4.2199999999999545,0.7119069958246007
422,4.229999999999954,0.7119069958246007
423,4.239999999999954,0.7113525775373268
424,4.249999999999954,0.7108408068106122
425,4.259999999999954,0.7107555116894932
426,4.269999999999953,0.7104996263261361
427,4.279999999999953,0.7104143312050171
428,4.289999999999953,0.7104143312050171
429,4.299999999999953,0.7104143312050171
430,4.3099999999999525,0.7102607999870026
431,4.319999999999952,0.7101755048658837
432,4.329999999999952,0.7101072687689882
433,4.339999999999952,0.7100219736478692
434,4.349999999999952,0.7099963851115335
435,4.3599999999999515,0.7097404997481763
436,4.369999999999951,0.709484614384819
437,4.379999999999951,0.7091434339003427
438,4.389999999999951,0.7091434339003427
439,4.399999999999951,0.7090154912186641
440,4.40999999999995,0.708759605855307
441,4.41999999999995,0.708759605855307
442,4.42999999999995,0.7084610729313902
443,4.43999999999995,0.7084610729313902
444,4.4499999999999496,0.7076081217201995
445,4.459999999999949,0.7073522363568422
446,4.469999999999949,0.7073351773326184
447,4.479999999999949,0.7072498822114994
448,4.489999999999949,0.7072328231872755
449,4.4999999999999485,0.7069769378239182
450,4.509999999999948,0.7069342902633587
451,4.519999999999948,0.7068965167097204
452,4.529999999999948,0.7067990365712985
453,4.539999999999948,0.7065431512079413
454,4.549999999999947,0.7065431512079413
455,4.559999999999947,0.706201970723465
456,4.569999999999947,0.706116675602346
457,4.579999999999947,0.706107536839369
458,4.589999999999947,0.7060904778151452
459,4.599999999999946,0.7060904778151452
460,4.609999999999946,0.7059369465971309
461,4.619999999999946,0.7059369465971309
462,4.629999999999946,0.7055957661126545
463,4.6399999999999455,0.7055957661126545
464,4.649999999999945,0.7053398807492973
465,4.659999999999945,0.7050839953859401
466,4.669999999999945,0.7050584068496044
467,4.679999999999945,0.7050157592890449
468,4.689999999999944,0.7050157592890449
469,4.699999999999944,0.70454663612289
470,4.709999999999944,0.70454663612289
471,4.719999999999944,0.70454663612289
472,4.729999999999944,0.7042481031989731
473,4.739999999999943,0.7042054556384136
474,4.749999999999943,0.7042054556384136
475,4.759999999999943,0.7041201605172945
476,4.769999999999943,0.7037789800328184
477,4.7799999999999425,0.7037497359912918
478,4.789999999999942,0.7037497359912918
479,4.799999999999942,0.7034938506279346
480,4.809999999999942,0.7034938506279346
481,4.819999999999942,0.7034938506279346
482,4.8299999999999415,0.7034938506279346
483,4.839999999999941,0.7034085555068156
484,4.849999999999941,0.7034085555068156
485,4.859999999999941,0.7034085555068156
486,4.869999999999941,0.7034085555068156
487,4.87999999999994,0.7031100225828987
488,4.88999999999994,0.7031100225828987
489,4.89999999999994,0.7028541372195415
490,4.90999999999994,0.7028541372195415
491,4.9199999999999395,0.7028541372195415
492,4.929999999999939,0.7025982518561843
493,4.939999999999939,0.7025982518561843
494,4.949999999999939,0.7025982518561843
495,4.959999999999939,0.7023423664928271
496,4.9699999999999385,0.7020011860083508
497,4.979999999999938,0.7016600055238744
498,4.989999999999938,0.7016344169875388
499,4.999999999999938,0.7015399831034427
500,5.009999999999938,0.7014973355428831
501,5.019999999999937,0.7012414501795259
502,5.029999999999937,0.7012414501795259
503,5.039999999999937,0.7012414501795259
504,5.049999999999937,0.7012414501795259
505,5.0599999999999365,0.7012414501795259
506,5.069999999999936,0.7012243911553021
507,5.079999999999936,0.7012243911553021
508,5.089999999999936,0.7012243911553021
509,5.099999999999936,0.7011390960341831
510,5.1099999999999355,0.701053800913064
511,5.119999999999935,0.701053800913064
512,5.129999999999935,0.701053800913064
513,5.139999999999935,0.7007552679891472
514,5.149999999999935,0.7007296794528114
515,5.159999999999934,0.7007296794528114
516,5.169999999999934,0.7004311465288947
517,5.179999999999934,0.7004311465288947
518,5.189999999999934,0.7004311465288947
519,5.199999999999934,0.7004311465288947
520,5.209999999999933,0.7001752611655375
521,5.219999999999933,0.7001752611655375
522,5.229999999999933,0.7001752611655375
523,5.239999999999933,0.7000899660444184
524,5.2499999999999325,0.7000899660444184
525,5.259999999999932,0.7000899660444184
526,5.269999999999932,0.7000899660444184
527,5.279999999999932,0.6998340806810612
528,5.289999999999932,0.6998340806810612
529,5.299999999999931,0.6995526067813682
530,5.309999999999931,0.6995526067813682
531,5.319999999999931,0.6995526067813682
532,5.329999999999931,0.6995526067813682
533,5.339999999999931,0.6995526067813682
534,5.34999999999993,0.6995099592208087
535,5.35999999999993,0.6995099592208087
536,5.36999999999993,0.6995099592208087
537,5.37999999999993,0.6992540738574515
538,5.3899999999999295,0.6992540738574515
539,5.399999999999929,0.6992540738574515
540,5.409999999999929,0.6991431901999967
541,5.419999999999929,0.6991431901999967
542,5.429999999999929,0.6991261311757729
543,5.4399999999999284,0.6991261311757729
544,5.449999999999928,0.6991261311757729
545,5.459999999999928,0.6988702458124157
546,5.469999999999928,0.6986143604490586
547,5.479999999999928,0.6985290653279396
548,5.489999999999927,0.6985168803106367
549,5.499999999999927,0.6984315851895176
550,5.509999999999927,0.6983341050510957
551,5.519999999999927,0.6983341050510957
552,5.5299999999999265,0.6980782196877385
553,5.539999999999926,0.6980782196877385
554,5.549999999999926,0.6980782196877385
555,5.559999999999926,0.6980355721271791
556,5.569999999999926,0.6980355721271791
557,5.5799999999999255,0.6980355721271791
558,5.589999999999925,0.6980355721271791
559,5.599999999999925,0.6980355721271791
560,5.609999999999925,0.6980355721271791
561,5.619999999999925,0.6980355721271791
562,5.629999999999924,0.6980355721271791
563,5.639999999999924,0.6980355721271791
564,5.649999999999924,0.6980355721271791
565,5.659999999999924,0.6980355721271791
566,5.6699999999999235,0.6980355721271791
567,5.679999999999923,0.6980355721271791
568,5.689999999999923,0.6980355721271791
569,5.699999999999923,0.6980355721271791
570,5.709999999999923,0.69795027700606
571,5.7199999999999225,0.69795027700606
572,5.729999999999922,0.69795027700606
573,5.739999999999922,0.697864981884941
574,5.749999999999922,0.697864981884941
575,5.759999999999922,0.697864981884941
576,5.769999999999921,0.6976090965215836
577,5.779999999999921,0.6976090965215836
578,5.789999999999921,0.6976090965215836
579,5.799999999999921,0.6975238014004647
580,5.809999999999921,0.6975238014004647
581,5.81999999999992,0.6975238014004647
582,5.82999999999992,0.6974555653035694
583,5.83999999999992,0.6970290896979741
584,5.84999999999992,0.6969864421374146
585,5.8599999999999195,0.6969864421374146
586,5.869999999999919,0.6969437945768551
587,5.879999999999919,0.6969437945768551
588,5.889999999999919,0.6966879092134979
589,5.899999999999919,0.6966879092134979
590,5.909999999999918,0.6966879092134979
591,5.919999999999918,0.6966879092134979
592,5.929999999999918,0.6966026140923787
593,5.939999999999918,0.6966026140923787
594,5.949999999999918,0.6966026140923787
595,5.959999999999917,0.6965514370197072
596,5.969999999999917,0.6965514370197072
597,5.979999999999917,0.6965514370197072
598,5.989999999999917,0.6964661418985882
599,5.9999999999999165,0.6964661418985882
600,6.009999999999916,0.6964661418985882
601,6.019999999999916,0.6964661418985882
602,6.029999999999916,0.6964661418985882
603,6.039999999999916,0.6964661418985882
604,6.0499999999999154,0.6964661418985882
605,6.059999999999915,0.6964661418985882
606,6.069999999999915,0.6964661418985882
607,6.079999999999915,0.6964661418985882
608,6.089999999999915,0.6964661418985882
609,6.099999999999914,0.6964661418985882
610,6.109999999999914,0.6964661418985882
611,6.119999999999914,0.6964661418985882
612,6.129999999999914,0.6964661418985882
613,6.1399999999999135,0.6964661418985882
614,6.149999999999913,0.6964661418985882
615,6.159999999999913,0.6964661418985882
616,6.169999999999913,0.6964661418985882
617,6.179999999999913,0.6964661418985882
618,6.1899999999999125,0.6964661418985882
619,6.199999999999912,0.6964661418985882
620,6.209999999999912,0.6964661418985882
621,6.219999999999912,0.6964661418985882
622,6.229999999999912,0.6964661418985882
623,6.239999999999911,0.6964661418985882
624,6.249999999999911,0.6964661418985882
625,6.259999999999911,0.6964661418985882
626,6.269999999999911,0.6964661418985882
627,6.2799999999999105,0.6964661418985882
628,6.28999999999991,0.6964234943380286
629,6.29999999999991,0.6964234943380286
630,6.30999999999991,0.6960396662929929
631,6.31999999999991,0.6960140777566571
632,6.3299999999999095,0.6960140777566571
633,6.339999999999909,0.6959714301960976
634,6.349999999999909,0.6959714301960976
635,6.359999999999909,0.6959714301960976
636,6.369999999999909,0.6959714301960976
637,6.379999999999908,0.6959714301960976
638,6.389999999999908,0.6959714301960976
639,6.399999999999908,0.6959714301960976
640,6.409999999999908,0.6959714301960976
641,6.419999999999908,0.6956046611752856
642,6.429999999999907,0.695575417133759
643,6.439999999999907,0.695575417133759
644,6.449999999999907,0.6955498285974233
645,6.459999999999907,0.6955498285974233
646,6.4699999999999065,0.6955498285974233
647,6.479999999999906,0.6955498285974233
648,6.489999999999906,0.6955498285974233
649,6.499999999999906,0.6955498285974233
650,6.509999999999906,0.6955498285974233
651,6.519999999999905,0.6955498285974233
652,6.529999999999905,0.6955406898344463
653,6.539999999999905,0.6955406898344463
654,6.549999999999905,0.6955406898344463
655,6.559999999999905,0.6955406898344463
656,6.569999999999904,0.6955406898344463
657,6.579999999999904,0.6955406898344463
658,6.589999999999904,0.6955406898344463
659,6.599999999999904,0.6955406898344463
660,6.6099999999999035,0.6955406898344463
661,6.619999999999903,0.6955406898344463
662,6.629999999999903,0.6955406898344463
663,6.639999999999903,0.6955406898344463
664,6.649999999999903,0.6955406898344463
665,6.659999999999902,0.6955406898344463
666,6.669999999999902,0.6952848044710891
667,6.679999999999902,0.6952848044710891
668,6.689999999999902,0.6947730337443746
669,6.699999999999902,0.6947730337443746
670,6.709999999999901,0.6947730337443746
671,6.719999999999901,0.6947730337443746
672,6.729999999999901,0.6947730337443746
673,6.739999999999901,0.6947730337443746
674,6.7499999999999005,0.6947730337443746
675,6.7599999999999,0.6947730337443746
676,6.7699999999999,0.6947730337443746
677,6.7799999999999,0.6947730337443746
678,6.7899999999999,0.6947730337443746
679,6.7999999999998995,0.6947730337443746
680,6.809999999999899,0.6947730337443746
681,6.819999999999899,0.6947730337443746
682,6.829999999999899,0.6947730337443746
683,6.839999999999899,0.6947730337443746
684,6.849999999999898,0.6947730337443746
685,6.859999999999898,0.6947730337443746
686,6.869999999999898,0.6947730337443746
687,6.879999999999898,0.6947730337443746
688,6.8899999999998975,0.6947730337443746
689,6.899999999999897,0.6947730337443746
690,6.909999999999897,0.6947730337443746
691,6.919999999999897,0.6947730337443746
692,6.929999999999897,0.6947730337443746
693,6.9399999999998965,0.6947730337443746
694,6.949999999999896,0.6947730337443746
695,6.959999999999896,0.6947730337443746
696,6.969999999999896,0.6947730337443746
697,6.979999999999896,0.6947730337443746
698,6.989999999999895,0.6947730337443746
699,6.999999999999895,0.6947730337443746
700,7.009999999999895,0.6947730337443746
701,7.019999999999895,0.6947730337443746
702,7.0299999999998946,0.6947730337443746
703,7.039999999999894,0.6947730337443746
704,7.049999999999894,0.6947730337443746
705,7.059999999999894,0.6947730337443746
706,7.069999999999894,0.6947730337443746
707,7.0799999999998935,0.6947730337443746
708,7.089999999999893,0.6947730337443746
709,7.099999999999893,0.6947730337443746
710,7.109999999999893,0.6947730337443746
711,7.119999999999893,0.6947730337443746
712,7.129999999999892,0.6947730337443746
713,7.139999999999892,0.6947730337443746
714,7.149999999999892,0.6947730337443746
715,7.159999999999892,0.6947730337443746
716,7.169999999999892,0.6947730337443746
717,7.179999999999891,0.6947730337443746
718,7.189999999999891,0.6947730337443746
719,7.199999999999891,0.6947730337443746
720,7.209999999999891,0.6947730337443746
721,7.2199999999998905,0.6947730337443746
722,7.22999999999989,0.6947730337443746
723,7.23999999999989,0.6947730337443746
724,7.24999999999989,0.6947730337443746
725,7.25999999999989,0.6947730337443746
726,7.269999999999889,0.6947730337443746
727,7.279999999999889,0.6947730337443746
728,7.289999999999889,0.6947730337443746
729,7.299999999999889,0.6947730337443746
730,7.309999999999889,0.6947730337443746
731,7.319999999999888,0.6947730337443746
732,7.329999999999888,0.6947730337443746
733,7.339999999999888,0.6947730337443746
734,7.349999999999888,0.6947730337443746
735,7.3599999999998875,0.6944318532598983
736,7.369999999999887,0.6944318532598983
737,7.379999999999887,0.6943892056993388
738,7.389999999999887,0.6943892056993388
739,7.399999999999887,0.6943892056993388
740,7.4099999999998865,0.6943892056993388
741,7.419999999999886,0.6943892056993388
742,7.429999999999886,0.6943892056993388
743,7.439999999999886,0.6943892056993388
744,7.449999999999886,0.6943892056993388
745,7.459999999999885,0.6943892056993388
746,7.469999999999885,0.6943892056993388
747,7.479999999999885,0.6943892056993388
748,7.489999999999885,0.6943892056993388
749,7.4999999999998845,0.6943892056993388
750,7.509999999999884,0.6943892056993388
751,7.519999999999884,0.6943892056993388
752,7.529999999999884,0.694363617163003
753,7.539999999999884,0.694363617163003
754,7.5499999999998835,0.694363617163003
755,7.559999999999883,0.694363617163003
756,7.569999999999883,0.694363617163003
757,7.579999999999883,0.694363617163003
758,7.589999999999883,0.694363617163003
759,7.599999999999882,0.694363617163003
760,7.609999999999882,0.694363617163003
761,7.619999999999882,0.694363617163003
762,7.629999999999882,0.6943343731214764
763,7.6399999999998816,0.6943343731214764
764,7.649999999999881,0.6943343731214764
765,7.659999999999881,0.6943252343584995
766,7.669999999999881,0.6943252343584995
767,7.679999999999881,0.6943252343584995
768,7.6899999999998805,0.6943252343584995
769,7.69999999999988,0.6943252343584995
770,7.70999999999988,0.6943252343584995
771,7.71999999999988,0.6943252343584995
772,7.72999999999988,0.6943252343584995
773,7.739999999999879,0.6943252343584995
774,7.749999999999879,0.6943252343584995
775,7.759999999999879,0.6943252343584995
776,7.769999999999879,0.6943252343584995
777,7.779999999999879,0.6943252343584995
778,7.789999999999878,0.6943252343584995
779,7.799999999999878,0.6943252343584995
780,7.809999999999878,0.6943252343584995
781,7.819999999999878,0.6943252343584995
782,7.8299999999998775,0.6943252343584995
783,7.839999999999877,0.6943252343584995
784,7.849999999999877,0.6943252343584995
785,7.859999999999877,0.6943252343584995
786,7.869999999999877,0.6943252343584995
787,7.879999999999876,0.6943252343584995
788,7.889999999999876,0.6943252343584995
789,7.899999999999876,0.6943252343584995
790,7.909999999999876,0.6943252343584995
791,7.919999999999876,0.6943252343584995
792,7.929999999999875,0.6943252343584995
793,7.939999999999875,0.6943252343584995
794,7.949999999999875,0.6943252343584995
795,7.959999999999875,0.6943252343584995
796,7.9699999999998745,0.6943252343584995
797,7.979999999999874,0.6943252343584995
798,7.989999999999874,0.6943252343584995
799,7.999999999999874,0.6943252343584995
800,8.009999999999874,0.6943252343584995
801,8.019999999999873,0.6943252343584995
802,8.029999999999873,0.6943252343584995
803,8.039999999999873,0.6943252343584995
804,8.049999999999873,0.6943252343584995
805,8.059999999999873,0.6943252343584995
806,8.069999999999872,0.6943252343584995
807,8.079999999999872,0.6943252343584995
808,8.089999999999872,0.6943252343584995
809,8.099999999999872,0.6943252343584995
810,8.109999999999872,0.6943252343584995
811,8.119999999999871,0.6943252343584995
812,8.129999999999871,0.6943252343584995
813,8.139999999999871,0.6943252343584995
814,8.14999999999987,0.6943252343584995
815,8.15999999999987,0.6943252343584995
816,8.16999999999987,0.6943252343584995
817,8.17999999999987,0.6943252343584995
818,8.18999999999987,0.6943252343584995
819,8.19999999999987,0.6943252343584995
820,8.20999999999987,0.6943252343584995
821,8.21999999999987,0.6943252343584995
822,8.229999999999869,0.6943252343584995
823,8.239999999999869,0.6943252343584995
824,8.249999999999869,0.6943252343584995
825,8.259999999999868,0.6943252343584995
826,8.269999999999868,0.6943252343584995
827,8.279999999999868,0.6943252343584995
828,8.289999999999868,0.6943252343584995
829,8.299999999999867,0.6943252343584995
830,8.309999999999867,0.6943252343584995
831,8.319999999999867,0.6943252343584995
832,8.329999999999867,0.6943252343584995
833,8.339999999999867,0.6943252343584995
834,8.349999999999866,0.6943252343584995
835,8.359999999999866,0.6943252343584995
836,8.369999999999866,0.6943252343584995
837,8.379999999999866,0.6943252343584995
838,8.389999999999866,0.6943252343584995
839,8.399999999999865,0.6943252343584995
840,8.409999999999865,0.6943252343584995
841,8.419999999999865,0.6943252343584995
842,8.429999999999865,0.6943252343584995
843,8.439999999999864,0.6943252343584995
844,8.449999999999864,0.6943252343584995
845,8.459999999999864,0.6943252343584995
846,8.469999999999864,0.6943252343584995
847,8.479999999999864,0.6943252343584995
848,8.489999999999863,0.6943252343584995
849,8.499999999999863,0.6943252343584995
850,8.509999999999863,0.6943252343584995
851,8.519999999999863,0.6943252343584995
852,8.529999999999863,0.6943252343584995
853,8.539999999999862,0.6943252343584995
854,8.549999999999862,0.6943252343584995
855,8.559999999999862,0.6943252343584995
856,8.569999999999862,0.6943252343584995
857,8.579999999999862,0.6943252343584995
858,8.589999999999861,0.6943252343584995
859,8.599999999999861,0.6943252343584995
860,8.60999999999986,0.6943252343584995
861,8.61999999999986,0.6943252343584995
862,8.62999999999986,0.6943252343584995
863,8.63999999999986,0.6943252343584995
864,8.64999999999986,0.6943252343584995
865,8.65999999999986,0.6943252343584995
866,8.66999999999986,0.6943252343584995
867,8.67999999999986,0.6943252343584995
868,8.68999999999986,0.6943252343584995
869,8.699999999999859,0.6943252343584995
870,8.709999999999859,0.6943252343584995
871,8.719999999999859,0.6943252343584995
872,8.729999999999858,0.6943252343584995
873,8.739999999999858,0.6943252343584995
874,8.749999999999858,0.6943252343584995
875,8.759999999999858,0.6943252343584995
876,8.769999999999857,0.6943252343584995
877,8.779999999999857,0.6943252343584995
878,8.789999999999857,0.6943252343584995
879,8.799999999999857,0.6943252343584995
880,8.809999999999857,0.6943252343584995
881,8.819999999999856,0.6943252343584995
882,8.829999999999856,0.6943252343584995
883,8.839999999999856,0.6943252343584995
884,8.849999999999856,0.6943252343584995
885,8.859999999999856,0.6943252343584995
886,8.869999999999855,0.6943252343584995
887,8.879999999999855,0.6943252343584995
888,8.889999999999855,0.6943252343584995
889,8.899999999999855,0.6943252343584995
890,8.909999999999854,0.6943252343584995
891,8.919999999999854,0.6943252343584995
892,8.929999999999854,0.6943252343584995
893,8.939999999999854,0.6943252343584995
894,8.949999999999854,0.6943252343584995
895,8.959999999999853,0.6943252343584995
896,8.969999999999853,0.6943252343584995
897,8.979999999999853,0.6943252343584995
898,8.989999999999853,0.6943252343584995
899,8.999999999999853,0.6943252343584995
900,9.009999999999852,0.6943252343584995
901,9.019999999999852,0.6943252343584995
902,9.029999999999852,0.6943252343584995
903,9.039999999999852,0.6943252343584995
904,9.049999999999851,0.6943252343584995
905,9.059999999999851,0.6943252343584995
906,9.069999999999851,0.6943252343584995
907,9.07999999999985,0.6943252343584995
908,9.08999999999985,0.6943252343584995
909,9.09999999999985,0.6943252343584995
910,9.10999999999985,0.6943252343584995
911,9.11999999999985,0.6943252343584995
912,9.12999999999985,0.6943252343584995
913,9.13999999999985,0.6943252343584995
914,9.14999999999985,0.6943252343584995
915,9.15999999999985,0.6943252343584995
916,9.169999999999849,0.6943252343584995
917,9.179999999999849,0.6943252343584995
918,9.189999999999849,0.6943252343584995
919,9.199999999999848,0.6943252343584995
920,9.209999999999848,0.6943252343584995
921,9.219999999999848,0.6943252343584995
922,9.229999999999848,0.6943252343584995
923,9.239999999999847,0.6943252343584995
924,9.249999999999847,0.6943252343584995
925,9.259999999999847,0.6943252343584995
926,9.269999999999847,0.6943252343584995
927,9.279999999999847,0.6943252343584995
928,9.289999999999846,0.6943252343584995
929,9.299999999999846,0.6943252343584995
930,9.309999999999846,0.6943252343584995
931,9.319999999999846,0.6943252343584995
932,9.329999999999846,0.6943252343584995
933,9.339999999999845,0.6943252343584995
934,9.349999999999845,0.6943252343584995
935,9.359999999999845,0.6943252343584995
936,9.369999999999845,0.6943252343584995
937,9.379999999999844,0.6943252343584995
938,9.389999999999844,0.6943252343584995
939,9.399999999999844,0.6943252343584995
940,9.409999999999844,0.6943252343584995
941,9.419999999999844,0.6943252343584995
942,9.429999999999843,0.6943252343584995
943,9.439999999999843,0.6943252343584995
944,9.449999999999843,0.6943252343584995
945,9.459999999999843,0.6943252343584995
946,9.469999999999843,0.6943252343584995
947,9.479999999999842,0.6943252343584995
948,9.489999999999842,0.6943252343584995
949,9.499999999999842,0.6943252343584995
950,9.509999999999842,0.6943252343584995
951,9.519999999999841,0.6943252343584995
952,9.529999999999841,0.6943252343584995
953,9.539999999999841,0.6943252343584995
954,9.54999999999984,0.6943252343584995
955,9.55999999999984,0.6943252343584995
956,9.56999999999984,0.6943252343584995
957,9.57999999999984,0.6943252343584995
958,9.58999999999984,0.6943252343584995
959,9.59999999999984,0.6943252343584995
960,9.60999999999984,0.6943252343584995
961,9.61999999999984,0.6943252343584995
962,9.62999999999984,0.6943252343584995
963,9.639999999999839,0.6943252343584995
964,9.649999999999839,0.6943252343584995
965,9.659999999999838,0.6943252343584995
966,9.669999999999838,0.6943252343584995
967,9.679999999999838,0.6943252343584995
968,9.689999999999838,0.6943252343584995
969,9.699999999999838,0.6943252343584995
970,9.709999999999837,0.6943252343584995
971,9.719999999999837,0.6943252343584995
972,9.729999999999837,0.6943252343584995
973,9.739999999999837,0.6943252343584995
974,9.749999999999837,0.6943252343584995
975,9.759999999999836,0.6943252343584995
976,9.769999999999836,0.6943252343584995
977,9.779999999999836,0.6943252343584995
978,9.789999999999836,0.6943252343584995
979,9.799999999999836,0.6943252343584995
980,9.809999999999835,0.6943252343584995
981,9.819999999999835,0.6943252343584995
982,9.829999999999835,0.6943252343584995
983,9.839999999999835,0.6943252343584995
984,9.849999999999834,0.6943252343584995
985,9.859999999999834,0.6943252343584995
986,9.869999999999834,0.6943252343584995
987,9.879999999999834,0.6943252343584995
988,9.889999999999834,0.6943252343584995
989,9.899999999999833,0.6943252343584995
990,9.909999999999833,0.6943252343584995
991,9.919999999999833,0.6943252343584995
992,9.929999999999833,0.6943252343584995
993,9.939999999999833,0.6943252343584995
994,9.949999999999832,0.6943252343584995
995,9.959999999999832,0.6943252343584995
996,9.969999999999832,0.6943252343584995
997,9.979999999999832,0.6943252343584995
998,9.989999999999831,0.6943252343584995
999,9.999999999999831,0.6943252343584995
